id,tagName,dateCreated,dateOccurred,description,status,submitted by (username),submitted by (first name),submitted by (last name),created in group,clientId,section,region,accuracy(m),latitude,longitude,Extralimital,Animal,Animal Age,Animal Sex,Count,Behaviour,Identifier,Spotted From,Condition,Notes
2545852,Animal Sighting,2022-07-14 16:32:33,2022-07-13 13:18:00,Deena and baby,Logged,Izel,Izel,Pieterse,Black Mambas,43213,Olifants West,Balule,,-24.1910721,30.8679879,,Black Rhino,Adult,Female,2,Moving,TA staff,,Good,
2543237,Animal Sighting,2022-07-12 23:19:55,2022-07-12 16:00:00,Raza,Logged,Izel,Izel,Pieterse,Black Mambas,43213,Olifants West,Balule,,-24.1937636,30.8562271,,Black Rhino,Adult,Female,1,Feeding,Landower,,Good,
2543238,Animal Sighting,2022-07-12 23:21:28,2022-07-12 11:46:00,Raza,Logged,Izel,Izel,Pieterse,Black Mambas,43213,Olifants West,Balule,,-24.1929807,30.8613769,,Black Rhino,Adult,Female,1,Drinking,TA staff,,Good,
2541578,Animal Sighting,2022-07-11 16:57:58,2022-07-11 11:55:00,Still to id,Logged,Izel,Izel,Pieterse,Black Mambas,43213,Mopani,South African Districts,,-24.2269418,30.8875465,,Black Rhino,Adult,Male,2,Wallowing,Lodge,,Good,
2540451,Animal Sighting,2022-07-10 21:28:37,2022-07-10 20:52:53,Oscar one saw a black rhino heading south of sauge tree at muhlapfi river,Logged,oscar1,Oscar,1,Black Mambas,41377,Olifants West,Balule,1.5,-24.199476,30.889057,,Black Rhino,Adult,Female,,,,,,
2545851,Animal Sighting,2022-07-14 16:31:05,2022-07-09 20:14:00,Thumela,Logged,Izel,Izel,Pieterse,Black Mambas,43213,Olifants West,Balule,,-24.2134524,30.901022,,Black Rhino,Adult,Male,1,Feeding,Landowner,,Good,
2539306,Animal Sighting,2022-07-09 17:58:04,2022-07-09 09:17:00,1mal 1female 1 sub adult,Logged,Izel,Izel,Pieterse,Black Mambas,43213,Olifants West,Balule,,-24.2142548,30.9054852,,White Rhino,Adult,Male,3,Feeding,TA staff,,Good,
2533389,Animal Sighting,2022-07-04 17:44:21,2022-07-03 17:53:00,Tumela,Logged,Izel,Izel,Pieterse,Black Mambas,43213,Olifants West,Balule,,-24.2011824,30.8966687,,Black Rhino,Adult,Female,1,Drinking,Landowner,,Good,
2526926,Animal Sighting,2022-06-28 17:36:06,2022-06-28 10:20:00,Wild dogs napping,Logged,Izel,Izel,Pieterse,Black Mambas,43213,Olifants West,Balule,,-24.18778,30.888593,,Wild Dog,Adult,Female,2,Resting,Manager,Vehicle,Average,
2526922,Animal Sighting,2022-06-28 17:31:43,2022-06-28 07:39:24,Unknown white rhinos,Logged,Izel,Izel,Pieterse,Black Mambas,43213,Olifants West,Balule,,-24.215046,30.899321,,White Rhino,Adult,Indeterminable,2,Drinking,Lodge,Vehicle,Good,
2524679,Animal Sighting,2022-06-26 17:57:35,2022-06-26 18:00:02,Kwezi,Logged,Izel,Izel,Pieterse,Black Mambas,43213,Olifants West,Balule,,-24.210887,30.893968,,Black Rhino,Adult,Male,1,Feeding,Lodge,Vehicle,Good,
2524698,Animal Sighting,2022-06-26 17:59:44,2022-06-26 17:19:00,Ground hornbill,Logged,Izel,Izel,Pieterse,Black Mambas,43213,Olifants West,Balule,,-24.194217,30.878667,,Southern Ground-Hornbill,Adult,Indeterminable,1,Moving,Lodge,Vehicle,Average,
2524678,Animal Sighting,2022-06-26 17:55:53,2022-06-26 16:00:00,Unidentified,Logged,Izel,Izel,Pieterse,Black Mambas,43213,Olifants West,Balule,,-24.210157,30.893559,,Black Rhino,Adult,Indeterminable,1,Moving,Lodge,Vehicle,Good,
2524677,Animal Sighting,2022-06-26 17:52:18,2022-06-26 07:47:00,Potentially Duchess and Duke,Logged,Izel,Izel,Pieterse,Black Mambas,43213,Olifants West,Balule,,-24.199951,30.868509,,Black Rhino,Adult,Female,2,Moving,Lodge,Vehicle,Good,
2524673,Animal Sighting,2022-06-26 17:48:58,2022-06-25 17:15:00,Duchess and unknown,Logged,Izel,Izel,Pieterse,Black Mambas,43213,Olifants West,Balule,,-24.223715,30.884832,,Black Rhino,Adult,,2,Moving,Landowner,Vehicle,Good,
2514931,Animal Sighting,2022-06-22 16:11:31,2022-06-22 13:00:00,Zulu,Logged,Izel,Izel,Pieterse,Black Mambas,43213,Olifants West,Balule,,-24.2034977,30.8969021,,Black Rhino,Adult,Male,1,Moving,Landowner,,Good,
2516641,Animal Sighting,2022-06-23 13:09:42,2022-06-21 23:24:00,Raza,Logged,Izel,Izel,Pieterse,Black Mambas,43213,Olifants West,Balule,,-24.1919276,30.8692954,,Black Rhino,Sub-Adult,Female,1,Drinking,Camera trap,,Good,
2516654,Animal Sighting,2022-06-23 13:15:57,2022-06-21 22:44:00,Black and calf,Logged,Izel,Izel,Pieterse,Black Mambas,43213,Olifants West,Balule,,-24.1837196,30.9464854,,Black Rhino,Adult,Female,2,Drinking,Camera trap,,Good,
2516661,Animal Sighting,2022-06-23 13:17:22,2022-06-21 20:04:00,Aphela,Logged,Izel,Izel,Pieterse,Black Mambas,43213,Olifants West,Balule,,-24.20565,30.95497,,Black Rhino,Adult,Male,1,Drinking,Camera trap,,Good,
2516653,Animal Sighting,2022-06-23 13:15:05,2022-06-21 17:59:00,White and calf,Logged,Izel,Izel,Pieterse,Black Mambas,43213,Olifants West,Balule,,-24.1837221,30.9464934,,White Rhino,Adult,Female,2,Drinking,Camera trap,,Good,
2516650,Animal Sighting,2022-06-23 13:13:38,2022-06-21 08:14:00,Thumela,Logged,Izel,Izel,Pieterse,Black Mambas,43213,Olifants West,Balule,,-24.1837127,30.9464827,,Black Rhino,Adult,Male,1,Drinking,Camera trap,,Good,
2516640,Animal Sighting,2022-06-23 13:08:51,2022-06-21 03:07:00,Deena and calf,Logged,Izel,Izel,Pieterse,Black Mambas,43213,Olifants West,Balule,,-24.1919264,30.8692928,,Black Rhino,Adult,Female,2,Drinking,Camera trap,,Good,
2516639,Animal Sighting,2022-06-23 13:08:08,2022-06-20 18:03:00,Deena and calf,Logged,Izel,Izel,Pieterse,Black Mambas,43213,Olifants West,Balule,,-24.1919313,30.8692914,,Black Rhino,Adult,Male,2,Drinking,Camera trap,,Good,
2511399,Animal Sighting,2022-06-20 16:23:40,2022-06-20 08:00:00,Stompie and Balu,Logged,Izel,Izel,Pieterse,Black Mambas,43213,Olifants West,Balule,,-24.20093,30.89716,,White Rhino,Adult,Male,2,Feeding,Lodge,,Excellent,
2516673,Animal Sighting,2022-06-23 13:22:19,2022-06-19 18:04:00,Thumela blackx2,Logged,Izel,Izel,Pieterse,Black Mambas,43213,Olifants West,Balule,,-24.2277008,30.970172,,Black Rhino,Adult,Male,3,Drinking,Camera trap,,Good,
2516648,Animal Sighting,2022-06-23 13:12:52,2022-06-19 13:29:00,White and calf,Logged,Izel,Izel,Pieterse,Black Mambas,43213,Olifants West,Balule,,-24.1837151,30.9464814,,White Rhino,Adult,Female,2,Feeding,Camera trap,,,
2516669,Animal Sighting,2022-06-23 13:21:19,2022-06-16 20:29:00,White bull,Logged,Izel,Izel,Pieterse,Black Mambas,43213,Olifants West,Balule,,-24.2276861,30.9701747,,White Rhino,Adult,Male,1,Moving,Camera trap,,Good,
2516668,Animal Sighting,2022-06-23 13:20:27,2022-06-16 20:27:00,White and calf,Logged,Izel,Izel,Pieterse,Black Mambas,43213,Olifants West,Balule,,-24.2276763,30.9701693,,White Rhino,Adult,Female,2,Drinking,Camera trap,,Good,
2516636,Animal Sighting,2022-06-23 13:07:00,2022-06-15 23:57:00,Duchess and Duke,Logged,Izel,Izel,Pieterse,Black Mambas,43213,Olifants West,Balule,,-24.1919227,30.8692928,,Black Rhino,Adult,Female,2,Drinking,Camera trap,,Good,
2516664,Animal Sighting,2022-06-23 13:18:35,2022-06-15 23:25:00,Black,Logged,Izel,Izel,Pieterse,Black Mambas,43213,Olifants West,Balule,,-24.22769,30.97016,,Black Rhino,Adult,Indeterminable,1,Drinking,Camera trap,,Good,
2516666,Animal Sighting,2022-06-23 13:19:33,2022-06-15 23:24:00,White and calf,Logged,Izel,Izel,Pieterse,Black Mambas,43213,Olifants West,Balule,,-24.2276886,30.9701666,,White Rhino,Adult,Female,2,Drinking,Camera trap,,Good,
2516646,Animal Sighting,2022-06-23 13:11:59,2022-06-15 21:17:00,Black,Logged,Izel,Izel,Pieterse,Black Mambas,43213,Olifants West,Balule,,-24.1837164,30.9464841,,Black Rhino,Adult,Indeterminable,1,Feeding,Camera trap,,Good,
2504499,Animal Sighting,2022-06-16 17:38:52,2022-06-15 19:30:00,Stompie and Balu,Logged,Izel,Izel,Pieterse,Black Mambas,43213,Olifants West,Balule,,-24.218374,30.9007237,,White Rhino,Adult,Male,2,Drinking,Landowner,,Good,
2504495,Animal Sighting,2022-06-16 17:35:20,2022-06-14 20:15:00,Stompie and Balu,Logged,Izel,Izel,Pieterse,Black Mambas,43213,Olifants West,Balule,,-24.20093,30.89716,,White Rhino,Adult,Male,2,Drinking,Landowner,,,
2516644,Animal Sighting,2022-06-23 13:11:04,2022-06-14 18:56:00,Black and calf,Logged,Izel,Izel,Pieterse,Black Mambas,43213,Olifants West,Balule,,-24.18372,30.94649,,Black Rhino,Adult,Female,2,Drinking,Camera trap,,Good,
2516634,Animal Sighting,2022-06-23 13:06:06,2022-06-13 21:13:00,Duchess and Duke,Logged,Izel,Izel,Pieterse,Black Mambas,43213,Olifants West,Balule,,-24.19192,30.86929,,Black Rhino,Adult,Female,2,Drinking,Camera trap,,Good,
2500405,Animal Sighting,2022-06-13 17:38:58,2022-06-13 17:11:00,Duchess and Duke,Logged,Izel,Izel,Pieterse,Black Mambas,43213,Olifants West,Balule,,-24.223715,30.884832,,Black Rhino,Adult,Female,2,Feeding,Landowner,,Good,
2500402,Animal Sighting,2022-06-13 17:35:54,2022-06-13 07:14:00,Duchess and Duke,Logged,Izel,Izel,Pieterse,Black Mambas,43213,Olifants West,Balule,,-24.2189319,30.8839417,,Black Rhino,Adult,Female,2,Feeding,Lodge,,Good,
2516616,Animal Sighting,2022-06-23 12:45:14,2022-06-11 07:08:00,Zulu,Logged,Izel,Izel,Pieterse,Black Mambas,43213,Olifants West,Balule,,-24.19192,30.86929,,Black Rhino,Adult,Male,1,Drinking,Camera trap,,Excellent,
2496880,Animal Sighting,2022-06-10 17:11:10,2022-06-10 08:04:00,Mom and calf BUll,Logged,Izel,Izel,Pieterse,Black Mambas,43213,Olifants West,Balule,,-24.212514,30.900552,,White Rhino,Adult,Male,3,Moving,Landowner,,Excellent,
2504503,Animal Sighting,2022-06-16 17:42:39,2022-06-09 14:54:00,Mom and calf,Logged,Izel,Izel,Pieterse,Black Mambas,43213,Olifants West,Balule,,-24.19751,30.917478,,White Rhino,Adult,Female,2,Moving,Cameratrap,,Good,
2495583,Animal Sighting,2022-06-09 14:27:19,2022-06-09 14:26:00,Black,Logged,Izel,Izel,Pieterse,Black Mambas,43213,Olifants West,Balule,,-24.2137181,30.9005821,,Black Rhino,Adult,,1,Moving,TA staff,,Good,
2516589,Animal Sighting,2022-06-23 12:31:56,2022-06-09 03:22:00,Aphela,Logged,Izel,Izel,Pieterse,Black Mambas,43213,Olifants West,Balule,,-24.18372,30.94649,,Black Rhino,Adult,Male,1,Drinking,Camera trap,,Good,
2516564,Animal Sighting,2022-06-23 12:20:12,2022-06-07 19:33:00,Raza,Logged,Izel,Izel,Pieterse,Black Mambas,43213,Olifants West,Balule,,-24.19192,30.86929,,Black Rhino,Adult,Female,1,Drinking,Camera trap,,,
2516586,Animal Sighting,2022-06-23 12:29:54,2022-06-07 03:06:00,Aphela,Logged,Izel,Izel,Pieterse,Black Mambas,43213,Olifants West,Balule,,-24.1837257,30.9464956,,Black Rhino,Adult,Male,1,Drinking,Camera trap,,Good,
2516557,Animal Sighting,2022-06-23 12:18:54,2022-06-06 15:37:00,Duchess and Duke,Logged,Izel,Izel,Pieterse,Black Mambas,43213,Olifants West,Balule,,-24.19192,30.86929,,Black Rhino,Adult,Female,2,Drinking,Camera trap,,Good,
2493114,Animal Sighting,2022-06-07 16:33:26,2022-06-06 07:57:00,Balu and Stompie,Logged,Izel,Izel,Pieterse,Black Mambas,43213,Olifants West,Balule,,-24.216367,30.896602,,White Rhino,Adult,Male,2,Moving,Landowner,,Good,
2490480,Animal Sighting,2022-06-05 16:40:14,2022-06-05 09:15:00,Kwezi,Logged,Izel,Izel,Pieterse,Black Mambas,43213,Olifants West,Balule,,-24.208755,30.883134,,Black Rhino,Sub-Adult,Female,1,Feeding,Landowner,,Excellent,
2516596,Animal Sighting,2022-06-23 12:36:34,2022-06-04 19:16:00,Mom and calf,Logged,Izel,Izel,Pieterse,Black Mambas,43213,Olifants West,Balule,,-24.2056314,30.9549746,,White Rhino,Adult,Female,2,Drinking,Camera trap,,,
2516612,Animal Sighting,2022-06-23 12:44:03,2022-06-04 08:54:00,White,Logged,Izel,Izel,Pieterse,Black Mambas,43213,Olifants West,Balule,,-24.2276855,30.970168,,White Rhino,Adult,Indeterminable,1,Drinking,Camera trap,,Good,
2545853,Animal Sighting,2022-07-14 16:35:41,2022-06-04 04:55:00,Dotty,Logged,Izel,Izel,Pieterse,Black Mambas,43213,Olifants West,Balule,,-24.224789,30.885097,,Black Rhino,Adult,Male,1,Feeding,Camera trap,,Good,
2487013,Animal Sighting,2022-06-02 12:16:23,2022-06-01 07:15:00,Mom and Calf,Logged,Izel,Izel,Pieterse,Black Mambas,43213,Olifants West,Balule,,-24.2009922,30.896945,,White Rhino,Adult,Female,2,Moving,Lodge,,Good,
2516608,Animal Sighting,2022-06-23 12:43:04,2022-06-01 00:38:00,White,Logged,Izel,Izel,Pieterse,Black Mambas,43213,Olifants West,Balule,,-24.2276855,30.9701673,,White Rhino,Adult,Indeterminable,1,Drinking,Camera trap,,Good,
2484373,Animal Sighting,2022-05-31 10:30:33,2022-05-31 10:29:00,Kwezi,Logged,Izel,Izel,Pieterse,Black Mambas,43213,Olifants West,Balule,,-24.21198,30.894232,,Black Rhino,Sub-Adult,Female,1,Feeding,TA staff,,Excellent,
2516607,Animal Sighting,2022-06-23 12:42:11,2022-05-31 10:03:00,White,Logged,Izel,Izel,Pieterse,Black Mambas,43213,Olifants West,Balule,,-24.2276892,30.9701686,,White Rhino,Adult,Indeterminable,1,Moving,Camera trap,,,
2516603,Animal Sighting,2022-06-23 12:40:51,2022-05-31 09:56:00,White,Logged,Izel,Izel,Pieterse,Black Mambas,43213,Olifants West,Balule,,-24.2276873,30.9701666,,White Rhino,Adult,,1,Drinking,Camera trap,,Good,
2516602,Animal Sighting,2022-06-23 12:39:58,2022-05-30 19:07:00,White,Logged,Izel,Izel,Pieterse,Black Mambas,43213,Olifants West,Balule,,-24.227691,30.970168,,White Rhino,Adult,Indeterminable,1,Drinking,Camera trap,,,
2483576,Animal Sighting,2022-05-30 17:06:12,2022-05-30 08:59:00,Kwezi,Logged,Izel,Izel,Pieterse,Black Mambas,43213,Olifants West,Balule,,-24.2232776,30.8864361,,Black Rhino,Adult,Female,1,Feeding,Lodge,,Good,
2484249,Animal Sighting,2022-05-31 09:08:59,2022-05-26 01:56:00,Raza,Logged,Izel,Izel,Pieterse,Black Mambas,43213,Olifants West,Balule,,-24.1919113,30.8693236,,Black Rhino,Adult,Female,1,Drinking,Camera Trap,,Good,
2484307,Animal Sighting,2022-05-31 09:40:48,2022-05-24 17:49:00,White,Logged,Izel,Izel,Pieterse,Black Mambas,43213,Olifants West,Balule,,-24.2277032,30.97018,,White Rhino,Adult,,1,Drinking,Camera Trap,,Good,
2484285,Animal Sighting,2022-05-31 09:24:48,2022-05-23 18:40:00,Aphela,Logged,Izel,Izel,Pieterse,Black Mambas,43213,Olifants West,Balule,,-24.183705,30.94648,,Black Rhino,Adult,Male,1,Moving,Camera Trap,,Good,
2484286,Animal Sighting,2022-05-31 09:26:16,2022-05-23 14:44:00,Balu and Stompie,Logged,Izel,Izel,Pieterse,Black Mambas,43213,Olifants West,Balule,,-24.1837196,30.9464881,,Black Rhino,Adult,Male,2,Drinking,Camera Trap,,Good,
2483575,Animal Sighting,2022-05-30 17:04:29,2022-05-21 14:59:00,Zulu,Logged,Izel,Izel,Pieterse,Black Mambas,43213,Olifants West,Balule,,-24.1905241,30.8484292,,Black Rhino,Adult,Male,1,Feeding,Lodge,,Good,
2484248,Animal Sighting,2022-05-31 09:07:44,2022-05-18 23:02:00,Duchess and Duke,Logged,Izel,Izel,Pieterse,Black Mambas,43213,Olifants West,Balule,,-24.1919309,30.8693209,,Black Rhino,Adult,Female,2,Drinking,Camera Trap,,Good,
2484283,Animal Sighting,2022-05-31 09:23:29,2022-05-18 20:27:00,White,Logged,Izel,Izel,Pieterse,Black Mambas,43213,Olifants West,Balule,,-24.1837245,30.9464988,,White Rhino,Adult,,1,Drinking,Camera Trap,,Good,
2484246,Animal Sighting,2022-05-31 09:06:06,2022-05-18 17:50:00,Kuza and Kwezi,Logged,Izel,Izel,Pieterse,Black Mambas,43213,Olifants West,Balule,,-24.1919211,30.8693075,,Black Rhino,Adult,Female,2,Drinking,Camera Trap,,Good,
2484243,Animal Sighting,2022-05-31 09:05:00,2022-05-18 17:08:00,Dotty,Logged,Izel,Izel,Pieterse,Black Mambas,43213,Olifants West,Balule,,-24.1919113,30.8693102,,Black Rhino,Adult,Male,1,Drinking,Camera Trap,,Good,
2484241,Animal Sighting,2022-05-31 09:04:03,2022-05-18 16:15:00,Dotty,Logged,Izel,Izel,Pieterse,Black Mambas,43213,Olifants West,Balule,,-24.1919382,30.8693048,,Black Rhino,Adult,Male,1,Drinking,Camera Trap,,Good,
2484306,Animal Sighting,2022-05-31 09:39:54,2022-05-17 19:21:00,White,Logged,Izel,Izel,Pieterse,Black Mambas,43213,Olifants West,Balule,,-24.2276861,30.9701774,,White Rhino,Adult,,1,Drinking,Camera Trap,,Good,
2484239,Animal Sighting,2022-05-31 09:02:29,2022-05-16 18:29:00,Raza Khuza Kwezi,Logged,Izel,Izel,Pieterse,Black Mambas,43213,Olifants West,Balule,,-24.1919211,30.8693209,,Black Rhino,Adult,Female,3,Drinking,Camera Trap,,Good,
2484299,Animal Sighting,2022-05-31 09:33:01,2022-05-16 17:32:00,White with calf,Logged,Izel,Izel,Pieterse,Black Mambas,43213,Olifants West,Balule,,-24.2056436,30.954996,,White Rhino,Adult,Female,2,Drinking,Camera Trap,,Good,
2484267,Animal Sighting,2022-05-31 09:17:23,2022-05-16 15:22:00,White with calf,Logged,Izel,Izel,Pieterse,Black Mambas,43213,Olifants West,Balule,,-24.1837123,30.9464988,,White Rhino,Adult,Female,2,Drinking,Camera Trap,,Good,
2484298,Animal Sighting,2022-05-31 09:31:46,2022-05-15 16:52:00,White with calf,Logged,Izel,Izel,Pieterse,Black Mambas,43213,Olifants West,Balule,,-24.2056461,30.9550068,,White Rhino,Adult,Female,2,Drinking,Camera Trap,,Good,
2484304,Animal Sighting,2022-05-31 09:38:11,2022-05-15 10:16:00,Black,Logged,Izel,Izel,Pieterse,Black Mambas,43213,Olifants West,Balule,,-24.2276788,30.9701613,,Black Rhino,Adult,,2,Drinking,Camera Trap,,Good,
2484305,Animal Sighting,2022-05-31 09:39:07,2022-05-15 06:09:00,White with calf,Logged,Izel,Izel,Pieterse,Black Mambas,43213,Olifants West,Balule,,-24.2276763,30.9701747,,White Rhino,Adult,Female,2,Drinking,Camera Trap,,Good,
2465979,Animal Sighting,2022-05-15 16:27:57,2022-05-14 17:48:00,Zulu,Logged,Izel,Izel,Pieterse,Black Mambas,43213,Olifants West,Balule,,-24.2010314,30.8967908,,Black Rhino,Adult,Male,1,Feeding,Landowner,,Excellent,
2484293,Animal Sighting,2022-05-31 09:30:41,2022-05-14 16:36:00,White and calf,Logged,Izel,Izel,Pieterse,Black Mambas,43213,Olifants West,Balule,,-24.2056387,30.9549746,,White Rhino,Adult,Female,2,Wallowing,Camera Trap,,Good,
2484236,Animal Sighting,2022-05-31 09:01:13,2022-05-13 17:39:00,Black,Logged,Izel,Izel,Pieterse,Black Mambas,43213,Olifants West,Balule,,-24.1919382,30.8693397,,Black Rhino,Adult,,1,Moving,Camera Trap,,Good,
2484302,Animal Sighting,2022-05-31 09:36:41,2022-05-13 11:10:00,White,Logged,Izel,Izel,Pieterse,Black Mambas,43213,Olifants West,Balule,,-24.22769,30.97016,,White Rhino,Adult,Male,1,Drinking,Camera Trap,,Good,
2484266,Animal Sighting,2022-05-31 09:16:17,2022-05-12 22:20:00,Mugisa,Logged,Izel,Izel,Pieterse,Black Mambas,43213,Olifants West,Balule,,-24.1837319,30.9464934,,Black Rhino,Adult,Female,1,Drinking,Camera Trap,,Good,
2463469,Animal Sighting,2022-05-13 10:16:39,2022-05-12 21:20:00,Zulu,Logged,Izel,Izel,Pieterse,Black Mambas,43213,Olifants West,Balule,,-24.20093,30.89716,,Black Rhino,Adult,Male,1,Moving,Landowner,,,
2463487,Animal Sighting,2022-05-13 10:24:11,2022-05-12 17:34:00,Zulu,Logged,Izel,Izel,Pieterse,Black Mambas,43213,Olifants West,Balule,,-24.1915191,30.8692217,,Black Rhino,Adult,Male,1,Nesting,Lodge,,Excellent,
2484264,Animal Sighting,2022-05-31 09:14:44,2022-05-12 17:30:00,Black ?,Logged,Izel,Izel,Pieterse,Black Mambas,43213,Olifants West,Balule,,-24.1837123,30.9464774,,Black Rhino,Adult,,1,Drinking,Camera Trap,,Good,
2463475,Animal Sighting,2022-05-13 10:22:53,2022-05-12 17:15:00,Deena and calf,Logged,Izel,Izel,Pieterse,Black Mambas,43213,Olifants West,Balule,,-24.1983696,30.8757234,,Black Rhino,Adult,Female,2,Feeding,Lodge,,Good,
2463473,Animal Sighting,2022-05-13 10:20:56,2022-05-12 16:55:00,Zulu,Logged,Izel,Izel,Pieterse,Black Mambas,43213,Olifants West,Balule,,-24.1972278,30.8777511,,Black Rhino,Adult,Male,1,Feeding,Lodge,,Excellent,
2484292,Animal Sighting,2022-05-31 09:29:33,2022-05-12 10:50:00,White,Logged,Izel,Izel,Pieterse,Black Mambas,43213,Olifants West,Balule,,-24.2056485,30.9549746,,White Rhino,Adult,,1,Drinking,Camera Trap,,Good,
2483564,Animal Sighting,2022-05-30 16:56:15,2022-05-11 08:34:00,Mother and Calf,Logged,Izel,Izel,Pieterse,Black Mambas,43213,Olifants West,Balule,,-24.205514,30.9551677,,White Rhino,Adult,Female,2,Drinking,Camera Trap,,Good,
2483562,Animal Sighting,2022-05-30 16:54:57,2022-05-10 14:42:00,White,Logged,Izel,Izel,Pieterse,Black Mambas,43213,Olifants West,Balule,,-24.2054161,30.9550577,,White Rhino,Adult,Male,1,Drinking,Camera Trap,,Good,
2483561,Animal Sighting,2022-05-30 16:53:34,2022-05-07 07:32:00,Mother and Calf,Logged,Izel,Izel,Pieterse,Black Mambas,43213,Olifants West,Balule,,-24.2053696,30.9549075,,White Rhino,Adult,Female,2,Resting,Camera Trap,,Good,
2460080,Animal Sighting,2022-05-10 15:36:20,2022-05-07 07:30:00,Two Black rhino,Logged,leoniehofstra,Leonie,Hofstra,Black Mambas,9519,Olifants West,Balule,,-24.212856,30.882024,,Black Rhino,Adult,Female,,,Lodge,,,
2453218,Animal Sighting,2022-05-06 08:52:55,2022-05-06 08:45:00,Black 2x,Logged,leoniehofstra,Leonie,Hofstra,Black Mambas,9519,Mopani,South African Districts,,-24.2228848,30.9139395,,Black Rhino,Adult,,2,Moving,Craig,,,
2483560,Animal Sighting,2022-05-30 16:52:17,2022-05-05 22:46:00,Mother and Calf,Logged,Izel,Izel,Pieterse,Black Mambas,43213,Olifants West,Balule,,-24.205465,30.9549236,,White Rhino,Adult,Female,2,Drinking,Camera Trap,,Good,
2483556,Animal Sighting,2022-05-30 16:51:00,2022-05-05 17:35:00,Khuza Kwezi,Logged,Izel,Izel,Pieterse,Black Mambas,43213,,,,,,,Black Rhino,Adult,Female,2,Resting,Camera Trap,,Good,
2484263,Animal Sighting,2022-05-31 09:13:42,2022-05-05 13:20:00,White with calf,Logged,Izel,Izel,Pieterse,Black Mambas,43213,Olifants West,Balule,,-24.1837245,30.94648,,White Rhino,Adult,Female,2,Drinking,Camera Trap,,Good,
2483555,Animal Sighting,2022-05-30 16:49:29,2022-05-04 19:44:00,Mother and Calf,Logged,Izel,Izel,Pieterse,Black Mambas,43213,Olifants West,Balule,,-24.2054822,30.9549853,,White Rhino,Adult,Female,2,Wallowing,Camera Trap,,Good,
2483547,Animal Sighting,2022-05-30 16:47:15,2022-05-04 19:30:00,White,Logged,Izel,Izel,Pieterse,Black Mambas,43213,Olifants West,Balule,,-24.2055164,30.9549263,,White Rhino,Sub-Adult,,1,Drinking,Camera Trap,,Good,
2483545,Animal Sighting,2022-05-30 16:45:46,2022-05-04 19:05:00,White,Logged,Izel,Izel,Pieterse,Black Mambas,43213,Olifants West,Balule,,-24.2056387,30.9549183,,White Rhino,Sub-Adult,,1,Resting,Camera Trap,,Good,
2483541,Animal Sighting,2022-05-30 16:44:07,2022-05-04 19:03:00,Mother and Calf,Logged,Izel,Izel,Pieterse,Black Mambas,43213,Olifants West,Balule,,-24.2055849,30.9550041,,White Rhino,Adult,Female,2,Drinking,Camera Trap,,Good,
2483540,Animal Sighting,2022-05-30 16:42:58,2022-05-04 10:01:00,Mother and Calf,Logged,Izel,Izel,Pieterse,Black Mambas,43213,Olifants West,Balule,,-24.2055531,30.9549531,,White Rhino,Adult,Female,2,Drinking,Camera Trap,,Good,
2483526,Animal Sighting,2022-05-30 16:27:03,2022-05-03 18:17:00,White,Logged,Izel,Izel,Pieterse,Black Mambas,43213,Olifants West,Balule,,-24.2055237,30.9550604,,White Rhino,Sub-Adult,,1,Drinking,Camera Trap,,Good,
2483523,Animal Sighting,2022-05-30 16:24:52,2022-05-03 16:18:00,Mother and Calf,Logged,Izel,Izel,Pieterse,Black Mambas,43213,Olifants West,Balule,,-24.2055898,30.9549505,,White Rhino,Adult,Female,2,Wallowing,Camera Trap,,Good,
2483516,Animal Sighting,2022-05-30 16:20:15,2022-05-03 01:11:00,Mother and Calf,Logged,Izel,Izel,Pieterse,Black Mambas,43213,Olifants West,Balule,,-24.2055482,30.9548753,,White Rhino,Adult,Female,2,Resting,Camera Trap,,Good,
2445325,Animal Sighting,2022-05-02 16:40:40,2022-05-02 15:00:00,Black Rhino,Logged,leoniehofstra,Leonie,Hofstra,Black Mambas,9519,Olifants West,Balule,,-24.2150052,30.8982754,,Black Rhino,Adult,,1,,Leonie,,,
2444484,Animal Sighting,2022-05-02 08:40:20,2022-05-02 06:00:00,Zulu,Logged,leoniehofstra,Leonie,Hofstra,Black Mambas,9519,Olifants West,Balule,,-24.2009662,30.8971596,,Black Rhino,Adult,Male,1,Moving,Landowner,,,
2483566,Animal Sighting,2022-05-30 17:01:11,2022-05-02 01:27:00,Raza,Logged,Izel,Izel,Pieterse,Black Mambas,43213,Olifants West,Balule,,-24.1919423,30.8693196,,Black Rhino,Adult,Female,1,Drinking,Camera Trap,,Good,
2483515,Animal Sighting,2022-05-30 16:17:14,2022-05-01 16:15:00,Mother and Calf,Logged,Izel,Izel,Pieterse,Black Mambas,43213,Olifants West,Balule,,-24.2054406,30.9548056,,White Rhino,Adult,Female,2,Drinking,Camera Trap,,Good,
2444482,Animal Sighting,2022-05-02 08:39:22,2022-05-01 08:30:00,Zulu,Logged,leoniehofstra,Leonie,Hofstra,Black Mambas,9519,Olifants West,Balule,,-24.1888703,30.8871174,,Black Rhino,Adult,Male,1,Moving,Lodge,,,
2444479,Animal Sighting,2022-05-02 08:38:02,2022-04-30 17:50:00,Duchess and Duke,Logged,leoniehofstra,Leonie,Hofstra,Black Mambas,9519,Olifants West,Balule,,-24.208501,30.8814096,,Black Rhino,Adult,Female,2,Drinking,Landowner,,,
2483512,Animal Sighting,2022-05-30 16:14:32,2022-04-30 15:48:00,Mother and Calf,Logged,Izel,Izel,Pieterse,Black Mambas,43213,Olifants West,Balule,,-24.2054846,30.9548593,,White Rhino,Adult,Female,2,Drinking,Camera Trap,,Good,
2483567,Animal Sighting,2022-05-30 17:02:34,2022-04-30 12:00:00,Deena and baby,Logged,Izel,Izel,Pieterse,Black Mambas,43213,Olifants West,Balule,,-24.1919496,30.8693062,,Black Rhino,Adult,Female,2,Drinking,Camera Trap,,Good,
2483507,Animal Sighting,2022-05-30 16:12:45,2022-04-28 23:59:00,Mother and Calf,Logged,Izel,Izel,Pieterse,Black Mambas,43213,Olifants West,Balule,,-24.2053502,30.9546232,,White Rhino,Adult,Female,2,Drinking,Camera Trap,,Good,
2483565,Animal Sighting,2022-05-30 17:00:08,2022-04-28 18:27:00,Khuza Kwezi Raza ?,Logged,Izel,Izel,Pieterse,Black Mambas,43213,Olifants West,Balule,,-24.19193,30.8693102,,Black Rhino,Adult,Female,3,Drinking,Camera Trap,,Good,
2483485,Animal Sighting,2022-05-30 16:07:50,2022-04-28 14:44:00,White rhino,Logged,Izel,Izel,Pieterse,Black Mambas,43213,Olifants West,Balule,,-24.2055851,30.9546232,,White Rhino,Adult,Male,1,Drinking,Camera trap,,Good,
2483455,Animal Sighting,2022-05-30 15:40:01,2022-04-28 13:53:00,Mother and calf,Logged,Izel,Izel,Pieterse,Black Mambas,43213,Olifants West,Balule,,-24.1819033,30.9486551,,White Rhino,Adult,Female,2,Drinking,Camera trap,,Good,
2444471,Animal Sighting,2022-05-02 08:34:28,2022-04-26 18:53:00,White Rhino,Logged,leoniehofstra,Leonie,Hofstra,Black Mambas,9519,Olifants West,Balule,,-24.22769,30.97016,,White Rhino,Adult,Male,1,Drinking,Camera trap,,,
2436016,Animal Sighting,2022-04-26 17:29:51,2022-04-26 17:38:00,Romeo,Logged,leoniehofstra,Leonie,Hofstra,Black Mambas,9519,Olifants West,Balule,,-24.2045154,30.9255695,,White Rhino,Adult,Male,1,,Aerial Support,,,
2436015,Animal Sighting,2022-04-26 17:28:45,2022-04-26 17:37:00,Zulu,Logged,leoniehofstra,Leonie,Hofstra,Black Mambas,9519,Olifants West,Balule,,-24.2043331,30.862484,,Black Rhino,Adult,Male,1,,Aerial Support,,,
2436003,Animal Sighting,2022-04-26 17:21:19,2022-04-26 17:29:00,White and calf,Logged,leoniehofstra,Leonie,Hofstra,Black Mambas,9519,Olifants West,Balule,,-24.20314,30.92621,,White Rhino,Adult,Female,2,,Aerial Support,,,
2436002,Animal Sighting,2022-04-26 17:19:57,2022-04-26 17:27:00,Stompie and Balu,Logged,leoniehofstra,Leonie,Hofstra,Black Mambas,9519,Olifants West,Balule,,-24.188871,30.931129,,White Rhino,Adult,Male,2,,Aerial Support,,,
2436077,Animal Sighting,2022-04-26 18:10:03,2022-04-26 11:00:00,White 2x,Logged,leoniehofstra,Leonie,Hofstra,Black Mambas,9519,Olifants West,Balule,,-24.2316383,30.9716606,,White Rhino,Adult,Male,2,,Aerial Support,,,
2436078,Animal Sighting,2022-04-26 18:11:42,2022-04-26 11:00:00,White rhino,Logged,leoniehofstra,Leonie,Hofstra,Black Mambas,9519,Mopani,South African Districts,,-24.2326558,30.9751797,,White Rhino,Adult,Male,1,,Aerial Support,,,
2436079,Animal Sighting,2022-04-26 18:12:40,2022-04-26 11:00:00,White 2x,Logged,leoniehofstra,Leonie,Hofstra,Black Mambas,9519,Mopani,South African Districts,,-24.2386823,30.9661674,,White Rhino,Adult,Male,2,,Aerial Support,,,
2444428,Animal Sighting,2022-05-02 08:22:24,2022-04-24 02:44:00,Black Rhino,Logged,leoniehofstra,Leonie,Hofstra,Black Mambas,9519,Olifants West,Balule,,-24.1920312,30.8693182,,Black Rhino,Adult,,1,Drinking,Camera trap,,,
2444464,Animal Sighting,2022-05-02 08:33:26,2022-04-20 16:00:00,White Rhino,Logged,leoniehofstra,Leonie,Hofstra,Black Mambas,9519,Olifants West,Balule,,-24.22769,30.97016,,White Rhino,Adult,Male,1,Drinking,Camera trap,,,
2426062,Animal Sighting,2022-04-19 17:55:22,2022-04-19 18:02:00,Khuza and Kwezi,Logged,leoniehofstra,Leonie,Hofstra,Black Mambas,9519,Olifants West,Balule,,-24.2180317,30.8966875,,Black Rhino,Adult,Female,2,Moving,Lodge,,,
2423887,Animal Sighting,2022-04-18 17:15:23,2022-04-18 17:22:00,Khuza and Kwezi,Logged,leoniehofstra,Leonie,Hofstra,Black Mambas,9519,Olifants West,Balule,,-24.2075422,30.854845,,Black Rhino,Adult,Female,2,Moving,Lodge,,,
2423890,Animal Sighting,2022-04-18 17:16:52,2022-04-18 17:00:00,Zulu,Logged,leoniehofstra,Leonie,Hofstra,Black Mambas,9519,Olifants West,Balule,,-24.1970127,30.8777618,,Black Rhino,Adult,Male,1,Wallowing,Lodge,,,
2444463,Animal Sighting,2022-05-02 08:32:26,2022-04-18 09:30:00,White Rhino,Logged,leoniehofstra,Leonie,Hofstra,Black Mambas,9519,Olifants West,Balule,,-24.22769,30.97016,,White Rhino,Adult,Male,1,Drinking,Camera trap,,,
2444458,Animal Sighting,2022-05-02 08:31:28,2022-04-17 17:54:00,White 2x,Logged,leoniehofstra,Leonie,Hofstra,Black Mambas,9519,Olifants West,Balule,,-24.22769,30.97016,,White Rhino,Adult,,2,Drinking,Camera trap,,,
2419316,Animal Sighting,2022-04-15 16:49:14,2022-04-15 06:30:00,Khuza and Kwezi,Logged,leoniehofstra,Leonie,Hofstra,Black Mambas,9519,Olifants West,Balule,,-24.2207977,30.8983786,,Black Rhino,Adult,Female,2,Moving,Lodge,,,
2444456,Animal Sighting,2022-05-02 08:30:28,2022-04-14 18:40:00,White Rhino,Logged,leoniehofstra,Leonie,Hofstra,Black Mambas,9519,Olifants West,Balule,,-24.22769,30.97016,,White Rhino,Adult,Male,1,Drinking,Camera trap,,,
2419317,Animal Sighting,2022-04-15 16:50:16,2022-04-14 17:00:00,Deena and Dakari,Logged,leoniehofstra,Leonie,Hofstra,Black Mambas,9519,Olifants West,Balule,,-24.2056897,30.861214,,Black Rhino,Adult,Female,2,Drinking,Landowner,,,
2444453,Animal Sighting,2022-05-02 08:29:21,2022-04-14 16:42:00,Kambani,Logged,leoniehofstra,Leonie,Hofstra,Black Mambas,9519,Olifants West,Balule,,-24.22769,30.97016,,Black Rhino,Sub-Adult,Male,1,Drinking,Camera trap,,,
2444449,Animal Sighting,2022-05-02 08:27:15,2022-04-13 07:54:00,Khuza and Kwezi,Logged,leoniehofstra,Leonie,Hofstra,Black Mambas,9519,Olifants West,Balule,,-24.17699,30.88897,,Black Rhino,Adult,Female,2,Drinking,Camera trap,,,
2444436,Animal Sighting,2022-05-02 08:26:02,2022-04-13 05:39:00,Black rhino,Logged,leoniehofstra,Leonie,Hofstra,Black Mambas,9519,Olifants West,Balule,,-24.17699,30.88897,,Black Rhino,Adult,Male,1,Drinking,Camera trap,,,
2444431,Animal Sighting,2022-05-02 08:23:39,2022-04-12 20:49:00,Dotty,Logged,leoniehofstra,Leonie,Hofstra,Black Mambas,9519,Olifants West,Balule,,-24.17699,30.88897,,Black Rhino,Sub-Adult,Male,1,Drinking,Camera trap,,,
2444452,Animal Sighting,2022-05-02 08:28:29,2022-04-12 19:41:00,White Rhino,Logged,leoniehofstra,Leonie,Hofstra,Black Mambas,9519,Olifants West,Balule,,-24.22769,30.97016,,White Rhino,Adult,Male,1,Drinking,Camera trap,,,
2415496,Animal Sighting,2022-04-12 16:23:03,2022-04-12 16:29:00,Stompie and Balu,Logged,leoniehofstra,Leonie,Hofstra,Black Mambas,9519,Olifants West,Balule,,-24.1908472,30.8916235,,White Rhino,Adult,Male,2,Feeding,Landowner,,,
2415498,Animal Sighting,2022-04-12 16:24:23,2022-04-12 14:00:00,Khuza and Kwezi,Logged,leoniehofstra,Leonie,Hofstra,Black Mambas,9519,Olifants West,Balule,,-24.1967582,30.8783627,,Black Rhino,Adult,Female,2,Drinking,TA Staff,,,
2444403,Animal Sighting,2022-05-02 08:16:01,2022-04-12 02:14:00,Zulu,Logged,leoniehofstra,Leonie,Hofstra,Black Mambas,9519,Olifants West,Balule,,-24.1792,30.86623,,Black Rhino,Adult,Male,1,Moving,Camera trap,,,
2444415,Animal Sighting,2022-05-02 08:19:40,2022-04-11 22:19:00,White and calf,Logged,leoniehofstra,Leonie,Hofstra,Black Mambas,9519,Olifants West,Balule,,-24.2051,30.95471,,White Rhino,Adult,Female,2,Drinking,Camera trap,,,
2413948,Animal Sighting,2022-04-11 16:16:14,2022-04-11 12:00:00,Stompie and Balu,Logged,leoniehofstra,Leonie,Hofstra,Black Mambas,9519,Olifants West,Balule,,-24.2118086,30.8902502,,White Rhino,Adult,Male,2,Feeding,Landowner,,,
2411319,Animal Sighting,2022-04-08 16:28:25,2022-04-08 15:00:00,Deena and Dakari,Logged,leoniehofstra,Leonie,Hofstra,Black Mambas,9519,Olifants West,Balule,,-24.1861495,30.858287,,Black Rhino,Adult,Female,2,Drinking,TA Staff,,,
2411316,Animal Sighting,2022-04-08 16:26:54,2022-04-08 08:00:00,Zulu,Logged,leoniehofstra,Leonie,Hofstra,Black Mambas,9519,Olifants West,Balule,,-24.2056829,30.8605615,,Black Rhino,Adult,Male,1,Drinking,TA Staff,,,
2407585,Animal Sighting,2022-04-06 16:51:29,2022-04-06 16:57:00,Stompie and Balu,Logged,leoniehofstra,Leonie,Hofstra,Black Mambas,9519,Olifants West,Balule,,-24.2107322,30.8932891,,White Rhino,Adult,Male,2,Feeding,Lodge/TA Staff,,,
2407583,Animal Sighting,2022-04-06 16:50:36,2022-04-06 14:23:00,Deena and Dakari,Logged,leoniehofstra,Leonie,Hofstra,Black Mambas,9519,Olifants West,Balule,,-24.2051741,30.8607593,,Black Rhino,Adult,Female,2,Moving,Landowner/Camera,,,
2406514,Animal Sighting,2022-04-05 17:14:37,2022-04-05 15:00:00,Zulu,Logged,leoniehofstra,Leonie,Hofstra,Black Mambas,9519,Olifants West,Balule,,-24.1863321,30.8584674,,Black Rhino,Adult,Male,1,Drinking,Izel,,,
2406511,Animal Sighting,2022-04-05 17:10:48,2022-04-05 08:00:00,Deena and Dakari,Logged,leoniehofstra,Leonie,Hofstra,Black Mambas,9519,Olifants West,Balule,,-24.1876958,30.8638492,,Black Rhino,Adult,Female,2,Moving,Izel,,,
2406512,Animal Sighting,2022-04-05 17:12:41,2022-04-05 07:00:00,White 5x (Romeo 2 female 2 calf),Logged,leoniehofstra,Leonie,Hofstra,Black Mambas,9519,Olifants West,Balule,,-24.1960405,30.9066398,,White Rhino,Adult,,5,Feeding,Lodge,,,
2444400,Animal Sighting,2022-05-02 08:15:08,2022-04-05 01:24:00,Dotty,Logged,leoniehofstra,Leonie,Hofstra,Black Mambas,9519,Olifants West,Balule,,-24.1792,30.86623,,Black Rhino,Sub-Adult,Male,1,Moving,Camera trap,,,
2405291,Animal Sighting,2022-04-04 16:19:32,2022-04-04 15:00:00,Zulu,Logged,leoniehofstra,Leonie,Hofstra,Black Mambas,9519,Olifants West,Balule,,-24.205409,30.8614889,,Black Rhino,Adult,Male,1,Wallowing,Landowner/Camera,,,
2444410,Animal Sighting,2022-05-02 08:18:40,2022-04-04 13:02:00,Stompie and Balu,Logged,leoniehofstra,Leonie,Hofstra,Black Mambas,9519,Olifants West,Balule,,-24.2051,30.95471,,White Rhino,Adult,Male,2,Drinking,Camera trap,,,
2444389,Animal Sighting,2022-05-02 08:12:23,2022-04-03 22:08:00,Dotty,Logged,leoniehofstra,Leonie,Hofstra,Black Mambas,9519,Olifants West,Balule,,-24.17699,30.88897,,Black Rhino,Sub-Adult,Male,1,Drinking,Camera trap,,,
2444396,Animal Sighting,2022-05-02 08:13:57,2022-04-01 01:25:00,Khuza and Kwezi,Logged,leoniehofstra,Leonie,Hofstra,Black Mambas,9519,Olifants West,Balule,,-24.1792,30.86623,,Black Rhino,Adult,Female,2,Moving,Camera trap,,,
2444407,Animal Sighting,2022-05-02 08:17:29,2022-03-31 22:43:00,Mugisa,Logged,leoniehofstra,Leonie,Hofstra,Black Mambas,9519,Olifants West,Balule,,-24.2051,30.95471,,Black Rhino,Adult,Female,1,Drinking,Camera trap,,,
2396646,Animal Sighting,2022-03-31 16:29:10,2022-03-29 18:55:00,Aphella,Logged,leoniehofstra,Leonie,Hofstra,Black Mambas,9519,Olifants West,Balule,,-24.18363,30.94651,,Black Rhino,Adult,Male,1,Drinking,Camera trap,,,
2393954,Animal Sighting,2022-03-30 16:37:36,2022-03-29 10:00:00,Zulu,Logged,leoniehofstra,Leonie,Hofstra,Black Mambas,9519,Olifants West,Balule,,-24.1992702,30.8749992,,Black Rhino,Adult,Male,1,,TA staff,,,
2396643,Animal Sighting,2022-03-31 16:28:16,2022-03-28 18:48:00,Aphella,Logged,leoniehofstra,Leonie,Hofstra,Black Mambas,9519,Olifants West,Balule,,-24.18363,30.94651,,Black Rhino,Adult,Male,1,Drinking,Camera trap,,,
2388535,Animal Sighting,2022-03-28 07:47:11,2022-03-28 07:51:46,Golf1 report kudu outside the fence at Victor-one R40,Logged,golf1,Golf,1,Black Mambas,41381,Maseke,Balule,3.5,-24.043627,31.031506,,Kudu,Sub-Adult,Male,1,Moving,,Vehicle,Good,
2453978,Animal Sighting,2022-05-06 14:20:52,2022-03-26 07:12:00,White Rhino,Logged,Izel,Izel,Pieterse,Black Mambas,43213,Olifants West,Balule,,-24.19751,30.917478,,White Rhino,Adult,,2,Feeding,Camera trap,,,
2384914,Animal Sighting,2022-03-26 17:29:52,2022-03-26 06:41:00,Duchess and Duke,Logged,leoniehofstra,Leonie,Hofstra,Black Mambas,9519,Olifants West,Balule,,-24.2089513,30.871582,,Black Rhino,Adult,Female,2,Moving,Lodge,,,
2382220,Animal Sighting,2022-03-25 17:07:17,2022-03-25 08:00:00,Stompie and Balu,Logged,leoniehofstra,Leonie,Hofstra,Black Mambas,9519,Olifants West,Balule,,-24.2074639,30.9365478,,White Rhino,Adult,Male,2,Feeding,Landowner,,,
2396642,Animal Sighting,2022-03-31 16:27:21,2022-03-24 18:53:00,White rhino,Logged,leoniehofstra,Leonie,Hofstra,Black Mambas,9519,Olifants West,Balule,,-24.18363,30.94651,,White Rhino,Adult,,1,Drinking,Camera trap,,,
2396638,Animal Sighting,2022-03-31 16:26:26,2022-03-23 18:16:00,Aphella,Logged,leoniehofstra,Leonie,Hofstra,Black Mambas,9519,Olifants West,Balule,,-24.18363,30.94651,,Black Rhino,Adult,Male,1,Drinking,Camera trap,,,
2396637,Animal Sighting,2022-03-31 16:25:27,2022-03-23 17:59:00,White and calf,Logged,leoniehofstra,Leonie,Hofstra,Black Mambas,9519,Olifants West,Balule,,-24.18363,30.94651,,White Rhino,Adult,Female,2,Drinking,Camera trap,,,
2377277,Animal Sighting,2022-03-23 16:21:48,2022-03-23 09:00:00,White rhino,Logged,leoniehofstra,Leonie,Hofstra,Black Mambas,9519,Olifants West,Balule,,-24.2251419,30.9480411,,White Rhino,Adult,Male,1,Resting,TA Staff,,,
2377282,Animal Sighting,2022-03-23 16:23:51,2022-03-23 08:00:00,Black and calf,Logged,leoniehofstra,Leonie,Hofstra,Black Mambas,9519,Olifants West,Balule,,-24.1872848,30.8433786,,Black Rhino,Adult,Female,2,Resting,Landowner,,,
2396632,Animal Sighting,2022-03-31 16:23:07,2022-03-23 06:50:00,Stompie and Balu,Logged,leoniehofstra,Leonie,Hofstra,Black Mambas,9519,Olifants West,Balule,,-24.18363,30.94651,,White Rhino,Adult,Male,2,Drinking,Camera trap,,,
2396633,Animal Sighting,2022-03-31 16:24:07,2022-03-23 00:25:00,Stompie and Balu,Logged,leoniehofstra,Leonie,Hofstra,Black Mambas,9519,Olifants West,Balule,,-24.18363,30.94651,,White Rhino,Adult,Male,2,Drinking,Camera trap,,,
2374385,Animal Sighting,2022-03-22 17:20:14,2022-03-22 17:24:00,Zulu,Logged,leoniehofstra,Leonie,Hofstra,Black Mambas,9519,Olifants West,Balule,,-24.1938679,30.8674152,,Black Rhino,Adult,Male,1,Moving,Lodge,,,
2396630,Animal Sighting,2022-03-31 16:22:16,2022-03-22 00:13:00,Aphella,Logged,leoniehofstra,Leonie,Hofstra,Black Mambas,9519,Olifants West,Balule,,-24.18363,30.94651,,Black Rhino,Adult,Male,1,Drinking,Camera trap,,,
2374386,Animal Sighting,2022-03-22 17:21:24,2022-03-21 18:00:00,Khuza and Kwezi,Logged,leoniehofstra,Leonie,Hofstra,Black Mambas,9519,Olifants West,Balule,,-24.2061594,30.8749992,,Black Rhino,Adult,Male,1,Moving,Lodge,,,
2396614,Animal Sighting,2022-03-31 16:16:42,2022-03-21 15:40:00,Stompie and Balu,Logged,leoniehofstra,Leonie,Hofstra,Black Mambas,9519,Olifants West,Balule,,-24.2051,30.95471,,White Rhino,Adult,Male,2,Wallowing,Camera trap,,,
2396627,Animal Sighting,2022-03-31 16:21:26,2022-03-21 05:00:00,Aphella,Logged,leoniehofstra,Leonie,Hofstra,Black Mambas,9519,Olifants West,Balule,,-24.18363,30.94651,,Black Rhino,Adult,Male,1,Drinking,Camera trap,,,
2396624,Animal Sighting,2022-03-31 16:20:40,2022-03-20 12:05:00,Aphella,Logged,leoniehofstra,Leonie,Hofstra,Black Mambas,9519,Olifants West,Balule,,-24.18363,30.94651,,Black Rhino,Adult,Male,1,Drinking,Camera trap,,,
2396622,Animal Sighting,2022-03-31 16:19:51,2022-03-19 22:57:00,Zulu,Logged,leoniehofstra,Leonie,Hofstra,Black Mambas,9519,Olifants West,Balule,,-24.18363,30.94651,,Black Rhino,Adult,Male,1,Drinking,Camera trap,,,
2396652,Animal Sighting,2022-03-31 16:32:37,2022-03-19 03:42:00,Dotty,Logged,leoniehofstra,Leonie,Hofstra,Black Mambas,9519,Olifants West,Balule,,-24.17699,30.88897,,Black Rhino,Adult,Male,1,Drinking,Camera trap,,,
2396620,Animal Sighting,2022-03-31 16:18:59,2022-03-18 06:37:00,Stompie and Balu,Logged,leoniehofstra,Leonie,Hofstra,Black Mambas,9519,Olifants West,Balule,,-24.18363,30.94651,,White Rhino,Adult,Male,2,Drinking,Camera trap,,,
2364958,Animal Sighting,2022-03-18 16:59:42,2022-03-15 18:00:00,Stompie and Balu,Logged,leoniehofstra,Leonie,Hofstra,Black Mambas,9519,Olifants West,Balule,,-24.1959429,30.9057426,,White Rhino,Adult,Male,2,Moving,Lodge,,,
2396577,Animal Sighting,2022-03-31 16:08:26,2022-03-15 08:04:00,White rhino,Logged,leoniehofstra,Leonie,Hofstra,Black Mambas,9519,Olifants West,Balule,,-24.22769,30.97016,,White Rhino,Adult,Male,1,Drinking,Camera trap,,,
2356762,Animal Sighting,2022-03-15 16:55:44,2022-03-14 12:00:00,Khuza and Kwezi,Logged,leoniehofstra,Leonie,Hofstra,Black Mambas,9519,Olifants West,Balule,,-24.190139,30.840295,,Black Rhino,Adult,Female,2,Resting,Lodge,,,
2396612,Animal Sighting,2022-03-31 16:15:51,2022-03-14 09:43:00,Romeo,Logged,leoniehofstra,Leonie,Hofstra,Black Mambas,9519,Olifants West,Balule,,-24.2051,30.95471,,White Rhino,Adult,Male,1,Wallowing,Camera trap,,,
2356766,Animal Sighting,2022-03-15 16:57:08,2022-03-14 08:00:00,White rhino,Logged,leoniehofstra,Leonie,Hofstra,Black Mambas,9519,Olifants West,Balule,,-24.2354471,30.9553957,,White Rhino,Adult,Male,1,Feeding,Lodge,,,
2356773,Animal Sighting,2022-03-15 16:59:10,2022-03-14 08:00:00,White rhino 2x,Logged,leoniehofstra,Leonie,Hofstra,Black Mambas,9519,Mopani,South African Districts,,-24.2337252,30.9150553,,White Rhino,Adult,Male,2,Moving,Lodge,,,
2396574,Animal Sighting,2022-03-31 16:06:13,2022-03-12 15:11:00,White 2x,Logged,leoniehofstra,Leonie,Hofstra,Black Mambas,9519,Olifants West,Balule,,-24.22769,30.97016,,White Rhino,Adult,Male,2,Drinking,Camera trap,,,
2347754,Animal Sighting,2022-03-11 17:28:01,2022-03-11 13:00:00,Deena (no calf),Logged,leoniehofstra,Leonie,Hofstra,Black Mambas,9519,Olifants West,Balule,,-24.1859503,30.858525,,Black Rhino,Adult,Female,1,Drinking,Izel,,,
2396573,Animal Sighting,2022-03-31 16:05:01,2022-03-10 18:51:00,Isaac,Logged,leoniehofstra,Leonie,Hofstra,Black Mambas,9519,Olifants West,Balule,,-24.22769,30.97016,,Black Rhino,Adult,Male,1,Drinking,Camera trap,,,
2396569,Animal Sighting,2022-03-31 16:03:19,2022-03-10 03:30:00,Isaac,Logged,leoniehofstra,Leonie,Hofstra,Black Mambas,9519,Olifants West,Balule,,-24.22769,30.97016,,Black Rhino,Adult,Male,1,Drinking,Camera trap,,,
2340094,Animal Sighting,2022-03-08 19:29:52,2022-03-08 19:32:00,Khuza and Kwezi,Logged,leoniehofstra,Leonie,Hofstra,Black Mambas,9519,Mopani,South African Districts,,-24.2330863,30.8941394,,Black Rhino,,Female,2,Moving,Landowner,,,
2396567,Animal Sighting,2022-03-31 16:00:59,2022-03-08 09:14:00,White rhino,Logged,leoniehofstra,Leonie,Hofstra,Black Mambas,9519,Olifants West,Balule,,-24.22769,30.97016,,White Rhino,Adult,,1,Drinking,Camera trap,,,
2396651,Animal Sighting,2022-03-31 16:31:09,2022-03-07 20:46:00,Dotty,Logged,leoniehofstra,Leonie,Hofstra,Black Mambas,9519,Olifants West,Balule,,-24.17699,30.88897,,Black Rhino,Adult,Male,1,Drinking,Camera trap,,,
2396604,Animal Sighting,2022-03-31 16:15:00,2022-03-07 09:57:00,Stompie and Balu,Logged,leoniehofstra,Leonie,Hofstra,Black Mambas,9519,Olifants West,Balule,,-24.2051,30.95471,,White Rhino,Adult,Male,2,Resting,Camera trap,,,
2335264,Animal Sighting,2022-03-05 11:56:47,2022-03-05 08:00:00,Stompie and Balu,Logged,leoniehofstra,Leonie,Hofstra,Black Mambas,9519,Olifants West,Balule,,-24.1563353,30.9496558,,White Rhino,Adult,Male,2,Moving,Landowner,,,
2396647,Animal Sighting,2022-03-31 16:30:16,2022-03-03 01:05:00,Dotty,Logged,leoniehofstra,Leonie,Hofstra,Black Mambas,9519,Olifants West,Balule,,-24.17699,30.88897,,Black Rhino,Sub-Adult,Male,1,Drinking,Camera trap,,,
2396601,Animal Sighting,2022-03-31 16:14:08,2022-03-02 13:16:00,Stompie and Balu,Logged,leoniehofstra,Leonie,Hofstra,Black Mambas,9519,Olifants West,Balule,,-24.2051,30.95471,,White Rhino,Adult,Male,2,Resting,Camera trap,,,
2331539,Animal Sighting,2022-03-02 18:13:56,2022-03-02 08:00:00,Black rhino,Logged,leoniehofstra,Leonie,Hofstra,Black Mambas,9519,Olifants West,Balule,,-24.1865477,30.8491802,,Black Rhino,Adult,,1,,Lodge,,,
2396600,Animal Sighting,2022-03-31 16:13:17,2022-03-01 16:00:00,Stompie and Balu,Logged,leoniehofstra,Leonie,Hofstra,Black Mambas,9519,Olifants West,Balule,,-24.2051,30.95471,,White Rhino,Adult,Male,2,Resting,Camera trap,,,
2330096,Animal Sighting,2022-03-01 16:41:08,2022-03-01 14:00:00,Stompie and Balu,Logged,leoniehofstra,Leonie,Hofstra,Black Mambas,9519,Olifants West,Balule,,-24.205494,30.9549236,,White Rhino,Adult,Male,2,,Craig,,,
2396589,Animal Sighting,2022-03-31 16:12:29,2022-03-01 11:53:00,Stompie and Balu,Logged,leoniehofstra,Leonie,Hofstra,Black Mambas,9519,Olifants West,Balule,,-24.2051,30.95471,,White Rhino,Adult,Male,2,Resting,Camera trap,,,
2396587,Animal Sighting,2022-03-31 16:11:32,2022-02-28 19:01:00,White and calf,Logged,leoniehofstra,Leonie,Hofstra,Black Mambas,9519,Olifants West,Balule,,-24.2051,30.95471,,White Rhino,Adult,Female,2,Wallowing,Camera trap,,,
2330102,Animal Sighting,2022-03-01 16:42:11,2022-02-28 19:00:00,Deena and Dakari,Logged,leoniehofstra,Leonie,Hofstra,Black Mambas,9519,Olifants West,Balule,,-24.2051025,30.8617973,,Black Rhino,Adult,Female,2,Drinking,Camera trap,,,
2330106,Animal Sighting,2022-03-01 16:45:45,2022-02-28 19:00:00,Zulu,Logged,leoniehofstra,Leonie,Hofstra,Black Mambas,9519,Olifants West,Balule,,-24.190619,30.8576775,,Black Rhino,Adult,Male,1,Moving,Lodge,,,
2330103,Animal Sighting,2022-03-01 16:43:22,2022-02-28 14:00:00,Khuza and Kwezi,Logged,leoniehofstra,Leonie,Hofstra,Black Mambas,9519,Olifants West,Balule,,-24.2152495,30.8883834,,Black Rhino,Adult,Female,2,Drinking,Landowner,,,
2396580,Animal Sighting,2022-03-31 16:09:55,2022-02-27 17:16:00,White and calf,Logged,leoniehofstra,Leonie,Hofstra,Black Mambas,9519,Olifants West,Balule,,-24.2051,30.95471,,White Rhino,Adult,Female,2,Wallowing,Camera trap,,,
2396561,Animal Sighting,2022-03-31 15:59:39,2022-02-25 18:08:00,White rhino,Logged,leoniehofstra,Leonie,Hofstra,Black Mambas,9519,Olifants West,Balule,,-24.22769,30.97016,,White Rhino,Adult,,1,Drinking,Camera trap,,,
2396617,Animal Sighting,2022-03-31 16:17:47,2022-02-25 16:35:00,Stompie and Balu,Logged,leoniehofstra,Leonie,Hofstra,Black Mambas,9519,Olifants West,Balule,,-24.18363,30.94651,,White Rhino,Adult,Male,2,Drinking,Camera trap,,,
2396558,Animal Sighting,2022-03-31 15:58:39,2022-02-24 19:05:00,White 2x,Logged,leoniehofstra,Leonie,Hofstra,Black Mambas,9519,Olifants West,Balule,,-24.22769,30.97016,,White Rhino,Adult,,2,Drinking,Camera trap,,Good,
2328474,Animal Sighting,2022-02-28 13:34:13,2022-02-21 10:11:00,Stompie and Balu,Logged,leoniehofstra,Leonie,Hofstra,Black Mambas,9519,Olifants West,Balule,,-24.2051,30.95471,,White Rhino,Adult,Male,2,Drinking,Camera trap,,,
2314178,Animal Sighting,2022-02-18 15:17:45,2022-02-18 15:17:00,Khuza and Kwezi,Logged,leoniehofstra,Leonie,Hofstra,Black Mambas,9519,Mopani,South African Districts,,-24.2433132,30.8957541,,Black Rhino,,,2,,Landowner,,,
2314005,Animal Sighting,2022-02-18 12:23:51,2022-02-18 12:23:00,Deena (no calf),Logged,leoniehofstra,Leonie,Hofstra,Black Mambas,9519,Olifants West,Balule,,-24.1879894,30.8432579,,Black Rhino,Adult,Female,1,Drinking,TA Staff,,,
2313816,Animal Sighting,2022-02-18 10:11:19,2022-02-18 10:11:00,Stompie and Balu,Logged,leoniehofstra,Leonie,Hofstra,Black Mambas,9519,Olifants West,Balule,,-24.1580582,30.9433043,,White Rhino,Adult,Male,2,Moving,Landowner,,,
2328493,Animal Sighting,2022-02-28 13:53:57,2022-02-18 05:46:00,Zulu,Logged,leoniehofstra,Leonie,Hofstra,Black Mambas,9519,Olifants West,Balule,,-24.17699,30.88897,,Black Rhino,Adult,Male,1,Drinking,Camera trap,,,
2312771,Animal Sighting,2022-02-17 13:43:12,2022-02-17 13:42:00,Khuza and Kwezi,Logged,leoniehofstra,Leonie,Hofstra,Black Mambas,9519,Olifants West,Balule,,-24.218971,30.8980957,,Black Rhino,Adult,,2,Resting,Landowner,,,
2308669,Animal Sighting,2022-02-14 13:52:22,2022-02-14 08:00:00,Zulu Khuza and Kwezi,Logged,leoniehofstra,Leonie,Hofstra,Black Mambas,9519,Mopani,South African Districts,,-24.2369996,30.8922511,,Black Rhino,Adult,,3,Drinking,Landowner,,,
2308672,Animal Sighting,2022-02-14 13:53:16,2022-02-13 07:00:00,Raza and Zulu,Logged,leoniehofstra,Leonie,Hofstra,Black Mambas,9519,Olifants West,Balule,,-24.1897187,30.8840114,,Black Rhino,Adult,,2,Moving,Landowner,,,
2328492,Animal Sighting,2022-02-28 13:52:41,2022-02-11 00:31:00,Black Rhino,Logged,leoniehofstra,Leonie,Hofstra,Black Mambas,9519,Olifants West,Balule,,-24.17699,30.88897,,Black Rhino,Adult,,1,Drinking,Camera trap,,,
2328481,Animal Sighting,2022-02-28 13:44:50,2022-02-07 20:07:00,White rhino,Logged,leoniehofstra,Leonie,Hofstra,Black Mambas,9519,Olifants West,Balule,,-24.22769,30.97016,,White Rhino,Adult,,1,Drinking,Camera trap,,,
2328471,Animal Sighting,2022-02-28 13:32:24,2022-02-07 12:30:00,Stompie and Balu,Logged,leoniehofstra,Leonie,Hofstra,Black Mambas,9519,Olifants West,Balule,,-24.18363,30.94651,,White Rhino,Adult,Male,2,Drinking,Camera trap,,,
2328479,Animal Sighting,2022-02-28 13:40:49,2022-02-07 07:25:00,White 2x,Logged,leoniehofstra,Leonie,Hofstra,Black Mambas,9519,Olifants West,Balule,,-24.22769,30.97016,,White Rhino,,,2,Drinking,Camera trap,,,
2328478,Animal Sighting,2022-02-28 13:37:32,2022-02-07 02:00:00,White Rhino,Logged,leoniehofstra,Leonie,Hofstra,Black Mambas,9519,Olifants West,Balule,,-24.22769,30.97016,,White Rhino,Adult,,1,Drinking,Camera trap,,,
2299129,Animal Sighting,2022-02-06 17:42:02,2022-02-06 17:00:00,Deena and newborn calf,Logged,leoniehofstra,Leonie,Hofstra,Black Mambas,9519,Olifants West,Balule,,-24.2053827,30.8613172,,Black Rhino,Adult,Female,2,,Landowner,,,
2328491,Animal Sighting,2022-02-28 13:50:46,2022-02-04 18:50:00,Duchess and Duke,Logged,leoniehofstra,Leonie,Hofstra,Black Mambas,9519,Olifants West,Balule,,-24.17699,30.88897,,Black Rhino,Adult,Female,2,Drinking,Camera trap,,,
2328477,Animal Sighting,2022-02-28 13:35:33,2022-02-02 11:00:00,White 3x and calf,Logged,leoniehofstra,Leonie,Hofstra,Black Mambas,9519,Olifants West,Balule,,-24.22769,30.97016,,White Rhino,Adult,,4,Drinking,Camera trap,,,
2328490,Animal Sighting,2022-02-28 13:48:50,2022-01-30 05:45:00,Duchess and Duke,Logged,leoniehofstra,Leonie,Hofstra,Black Mambas,9519,Olifants West,Balule,,-24.17699,30.88897,,Black Rhino,Adult,Female,2,Drinking,Camera trap,,,
2289393,Animal Sighting,2022-01-29 16:04:39,2022-01-29 16:05:00,Duchess and Duke (Dotty?),Logged,leoniehofstra,Leonie,Hofstra,Black Mambas,9519,Olifants West,Balule,,-24.183755,30.902441,,Black Rhino,Adult,Female,2,,Landowner,,,
2288448,Animal Sighting,2022-01-28 13:33:39,2022-01-28 13:00:00,Deena,Logged,leoniehofstra,Leonie,Hofstra,Black Mambas,9519,Olifants West,Balule,,-24.2056897,30.861969,,Black Rhino,Adult,Female,1,Drinking,TA staff,,,
2285885,Animal Sighting,2022-01-26 10:42:53,2022-01-26 10:43:00,Zulu,Logged,leoniehofstra,Leonie,Hofstra,Black Mambas,9519,Olifants West,Balule,,-24.1936859,30.8823645,,Black Rhino,Adult,Male,1,Moving,Landowner,,,
2291402,Animal Sighting,2022-01-31 12:19:58,2022-01-26 10:10:00,Stompie and Balu,Logged,leoniehofstra,Leonie,Hofstra,Black Mambas,9519,Olifants West,Balule,,-24.2051,30.95471,,White Rhino,Adult,Male,2,Drinking,Camera trap,,,
2283989,Animal Sighting,2022-01-24 18:23:16,2022-01-24 18:23:00,Zulu,Logged,leoniehofstra,Leonie,Hofstra,Black Mambas,9519,Olifants West,Balule,,-24.2146071,30.8884397,,Black Rhino,Adult,Male,1,Moving,Landowner,,,
2291409,Animal Sighting,2022-01-31 12:25:51,2022-01-24 11:31:00,Stompie and Balu,Logged,leoniehofstra,Leonie,Hofstra,Black Mambas,9519,Olifants West,Balule,,-24.22769,30.97016,,White Rhino,Adult,Male,2,Drinking,Camera trap,,,
2281308,Animal Sighting,2022-01-22 07:37:07,2022-01-22 07:37:34,Oscar one relocated a Male lion at kumiyela drainage east side,Logged,oscar1,Oscar,1,Black Mambas,41377,Olifants West,Balule,4,-24.172262,30.849709,,Lion,Adult,Male,1,,,,,
2291408,Animal Sighting,2022-01-31 12:24:24,2022-01-21 20:14:00,White Rhino,Logged,leoniehofstra,Leonie,Hofstra,Black Mambas,9519,Olifants West,Balule,,-24.22769,30.97016,,White Rhino,Adult,,,Drinking,Camera trap,,,
2281709,Animal Sighting,2022-01-22 12:14:12,2022-01-21 18:00:00,Zulu,Logged,leoniehofstra,Leonie,Hofstra,Black Mambas,9519,Olifants West,Balule,,-24.1950554,30.8816162,,Black Rhino,Adult,Male,1,Moving,Lodge,,,
2281710,Animal Sighting,2022-01-22 12:18:21,2022-01-20 08:00:00,Raza (No Deena),Logged,leoniehofstra,Leonie,Hofstra,Black Mambas,9519,Olifants West,Balule,,-24.2144309,30.888826,,Black Rhino,Adult,Female,1,Moving,Landowner,,,
2291400,Animal Sighting,2022-01-31 12:18:36,2022-01-19 01:00:00,Stompie and Balu,Logged,leoniehofstra,Leonie,Hofstra,Black Mambas,9519,Olifants West,Balule,,-24.2051,30.95471,,White Rhino,Adult,Male,2,Moving,Camera trap,,,
2277293,Animal Sighting,2022-01-18 19:01:31,2022-01-18 19:01:00,Raza,Logged,leoniehofstra,Leonie,Hofstra,Black Mambas,9519,Olifants West,Balule,,-24.2174318,30.8880454,,Black Rhino,Sub-Adult,Female,1,Moving,Landowner,,,
2277294,Animal Sighting,2022-01-18 19:02:21,2022-01-18 17:00:00,Khuza and Kwezi,Logged,leoniehofstra,Leonie,Hofstra,Black Mambas,9519,Olifants West,Balule,,-24.2193887,30.8950835,,Black Rhino,Adult,Female,2,Drinking,Landowner,,,
2291407,Animal Sighting,2022-01-31 12:22:51,2022-01-17 19:13:00,White 2x,Logged,leoniehofstra,Leonie,Hofstra,Black Mambas,9519,Olifants West,Balule,,-24.22769,30.97016,,White Rhino,Adult,Male,2,Drinking,Camera trap,,,
2275899,Animal Sighting,2022-01-17 17:02:45,2022-01-17 16:02:00,Stompie and Balu,Logged,leoniehofstra,Leonie,Hofstra,Black Mambas,9519,Olifants West,Balule,,-24.2012011,30.9652153,,White Rhino,Adult,Male,2,Resting,Lodge,,,
2273783,Animal Sighting,2022-01-15 16:58:16,2022-01-15 16:57:00,Zulu,Logged,leoniehofstra,Leonie,Hofstra,Black Mambas,9519,Olifants West,Balule,,-24.222376,30.8904138,,Black Rhino,Adult,Male,1,,Landowner,,,
2273784,Animal Sighting,2022-01-15 16:59:55,2022-01-14 20:30:00,Dotty,Logged,leoniehofstra,Leonie,Hofstra,Black Mambas,9519,Olifants West,Balule,,-24.207317,30.8857957,,Black Rhino,Sub-Adult,Male,1,Wallowing,Landowner,,,
2271948,Animal Sighting,2022-01-13 18:34:05,2022-01-13 18:33:00,Zulu,Logged,leoniehofstra,Leonie,Hofstra,Black Mambas,9519,Olifants West,Balule,,-24.2185803,30.8938658,,Black Rhino,Adult,Male,1,Moving,Landowner,,,
2291404,Animal Sighting,2022-01-31 12:21:35,2022-01-13 16:35:00,White Rhino,Logged,leoniehofstra,Leonie,Hofstra,Black Mambas,9519,Olifants West,Balule,,-24.22769,30.97016,,White Rhino,Adult,,1,Feeding,Camera trap,,,
2281746,Animal Sighting,2022-01-22 14:00:11,2022-01-12 18:45:00,Stompie and Balu,Logged,leoniehofstra,Leonie,Hofstra,Black Mambas,9519,Olifants West,Balule,,-24.1838216,30.9463825,,White Rhino,Adult,Male,2,Drinking,Camera trap,,,
2270490,Animal Sighting,2022-01-12 15:11:11,2022-01-12 08:00:00,Zulu,Logged,leoniehofstra,Leonie,Hofstra,Black Mambas,9519,Olifants West,Balule,,-24.2179797,30.8871013,,Black Rhino,Adult,Male,1,Moving,Landowner,,,
2270548,Animal Sighting,2022-01-12 16:30:06,2022-01-11 16:00:00,White and calf,Logged,leoniehofstra,Leonie,Hofstra,Black Mambas,9519,Mopani,South African Districts,,-24.2399736,30.9223777,,White Rhino,Adult,Female,1,Moving,Lodge,,,
2268912,Animal Sighting,2022-01-11 16:48:22,2022-01-11 09:30:00,Khuza and Kwezi,Logged,leoniehofstra,Leonie,Hofstra,Black Mambas,9519,Olifants West,Balule,,-24.2235373,30.8908778,,Black Rhino,Adult,Female,2,Moving,Landowner,,,
2281745,Animal Sighting,2022-01-22 13:58:48,2022-01-11 09:16:00,Stompie and Balu,Logged,leoniehofstra,Leonie,Hofstra,Black Mambas,9519,Olifants West,Balule,,-24.2051,30.95471,,White Rhino,Adult,Male,2,Wallowing,Camera trap,,,
2268910,Animal Sighting,2022-01-11 16:46:25,2022-01-10 17:30:00,Zulu,Logged,leoniehofstra,Leonie,Hofstra,Black Mambas,9519,Olifants West,Balule,,-24.2179015,30.8861572,,Black Rhino,Adult,Male,1,Moving,Landowner,,,
2281744,Animal Sighting,2022-01-22 13:57:39,2022-01-10 17:11:00,Romeo,Logged,leoniehofstra,Leonie,Hofstra,Black Mambas,9519,Olifants West,Balule,,-24.2051,30.95471,,White Rhino,Adult,Male,1,Wallowing,Camera trap,,,
2281738,Animal Sighting,2022-01-22 13:52:15,2022-01-09 15:40:00,White Rhino,Logged,leoniehofstra,Leonie,Hofstra,Black Mambas,9519,Olifants West,Balule,,-24.22769,30.97016,,White Rhino,Adult,,1,Drinking,Camera trap,,,
2281743,Animal Sighting,2022-01-22 13:56:34,2022-01-08 09:33:00,Stompie and Balu,Logged,leoniehofstra,Leonie,Hofstra,Black Mambas,9519,Olifants West,Balule,,-24.2051,30.95471,,White Rhino,Adult,Male,2,Drinking,Camera trap,,,
2264500,Animal Sighting,2022-01-08 08:45:59,2022-01-08 08:00:00,Tumela Tyiani Kambani Zulu,Logged,leoniehofstra,Leonie,Hofstra,Black Mambas,9519,Mopani,South African Districts,,-24.2266972,30.9160168,,Black Rhino,Adult,,4,Moving,Barrie,,,
2264458,Animal Sighting,2022-01-08 08:17:28,2022-01-07 16:00:00,Stompie and Balu,Logged,leoniehofstra,Leonie,Hofstra,Black Mambas,9519,Olifants West,Balule,,-24.2002191,30.9655841,,White Rhino,Adult,Male,2,Resting,Lodge,,,
2281737,Animal Sighting,2022-01-22 13:51:29,2022-01-07 15:44:00,White Rhino,Logged,leoniehofstra,Leonie,Hofstra,Black Mambas,9519,Olifants West,Balule,,-24.22769,30.97016,,White Rhino,Adult,,1,Feeding,Camera trap,,,
2263852,Animal Sighting,2022-01-07 17:28:34,2022-01-07 13:00:00,Khuza and Kwezi,Logged,leoniehofstra,Leonie,Hofstra,Black Mambas,9519,Olifants West,Balule,,-24.2177058,30.8873749,,Black Rhino,Adult,Female,2,Moving,Landowner,,,
2263621,Animal Sighting,2022-01-07 11:05:43,2022-01-07 10:30:00,Zulu,Logged,leoniehofstra,Leonie,Hofstra,Black Mambas,9519,Olifants West,Balule,,-24.1878916,30.8432579,,Black Rhino,Adult,Male,1,Moving,Andy,,,
2281742,Animal Sighting,2022-01-22 13:55:26,2022-01-06 10:00:00,Stompie and Balu,Logged,leoniehofstra,Leonie,Hofstra,Black Mambas,9519,Olifants West,Balule,,-24.2051,30.95471,,White Rhino,Adult,Male,2,Drinking,Camera trap,,,
2281741,Animal Sighting,2022-01-22 13:54:22,2022-01-04 18:14:00,White Rhino,Logged,leoniehofstra,Leonie,Hofstra,Black Mambas,9519,Olifants West,Balule,,-24.2051,30.95471,,White Rhino,Adult,,1,Moving,Camera trap,,,
2281736,Animal Sighting,2022-01-22 13:50:17,2022-01-04 15:29:00,Isaac,Logged,leoniehofstra,Leonie,Hofstra,Black Mambas,9519,Olifants West,Balule,,-24.22769,30.97016,,Black Rhino,Adult,Male,1,Moving,Camera trap,,,
2259549,Animal Sighting,2022-01-04 09:26:56,2022-01-04 09:29:00,Zulu,Logged,leoniehofstra,Leonie,Hofstra,Black Mambas,9519,Olifants West,Balule,,-24.2146266,30.8883968,,Black Rhino,Adult,Male,1,Drinking,Landowner,,,
2281735,Animal Sighting,2022-01-22 13:49:19,2022-01-02 08:21:00,White Rhino,Logged,leoniehofstra,Leonie,Hofstra,Black Mambas,9519,Olifants West,Balule,,-24.22769,30.97016,,White Rhino,Adult,,1,Moving,Camera trap,,,
2281739,Animal Sighting,2022-01-22 13:53:17,2022-01-01 15:53:00,White Rhino,Logged,leoniehofstra,Leonie,Hofstra,Black Mambas,9519,Olifants West,Balule,,-24.2051,30.95471,,White Rhino,Adult,,,Drinking,Camera trap,,,
